{"totalNum":6,"failureNum":4,"successNum":2,"classes":[{"testCases":[{"success":"0","methodName":"test6","failureMessage":"expected:<true> but was:<false>"},{"success":"0","methodName":"test3","failureMessage":"expected:<true> but was:<false>"},{"success":"1","methodName":"test4"},{"success":"0","methodName":"test1","failureMessage":"expected:<true> but was:<false>"},{"success":"1","methodName":"test5"},{"success":"0","methodName":"test2","failureMessage":"expected:<true> but was:<false>"}],"className":"N_QUEENTest"}],"proName":"NQueens"}