{"totalNum":10,"failureNum":4,"successNum":6,"classes":[{"testCases":[{"success":"1","methodName":"testBullsAndCows2"},{"success":"0","methodName":"testPlayGame3","failureMessage":"String index out of range: 1"},{"success":"0","methodName":"testPlayGame4","failureMessage":"String index out of range: 1"},{"success":"1","methodName":"testCompare4"}],"className":"BullsAndCowsTest2"},{"testCases":[{"success":"1","methodName":"testBullsAndCows1"},{"success":"1","methodName":"testCompare3"},{"success":"0","methodName":"testPlayGame1"},{"success":"1","methodName":"testCompare1"},{"success":"1","methodName":"testCompare2"},{"success":"0","methodName":"testPlayGame2"}],"className":"BullsAndCowsTest"}],"proName":"BullsAndCows"}