{"totalNum":20,"failureNum":7,"successNum":13,"classes":[{"testCases":[{"success":"1","methodName":"test12"},{"success":"0","methodName":"test20","failureMessage":"expected:<O_WIN> but was:<X_WIN>"},{"success":"1","methodName":"test16"},{"success":"0","methodName":"test18","failureMessage":"expected:<..._ _ O _ O _\n4 _ _ _ [_ _ _\n5 X X X X O _\n6 _ _ X _ _ O\n  A B C D E F\n1 _ _ _ _ _ _\n2 _ O _ _ _ _\n3 _ _ O _ _] _\n4 _ _ _ O _ _\n5 X...> but was:<..._ _ O _ O _\n4 _ _ _ [X _ _\n5 X X X X O _\n6 _ _ X _ _ O\n  A B C D E F\n1 _ _ _ _ _ _\n2 _ O _ _ _ _\n3 _ _ O _ O] _\n4 _ _ _ O _ _\n5 X...>"},{"success":"0","methodName":"test17","failureMessage":"expected:<..._ _ _ _\n5 _ _ _ _ _\n[  A B C D E\n1 _ _ _ O _\n2 _ O _ O _\n3 X X X _ _\n4 _ _ _ _ _\n5 _ _ _ _ _\n  A B C D E\n1 _ _ _ O _\n2 _ O _ O _\n3 X X X X _\n4 _ _ _ _ _\n5 _ _ _ _ _\n  A B C D E\n1 _ _ _ O _\n2 _ O _ O _\n3 X X X X _\n4 _ _ _ O _\n5 _ _ _ _ _\n  A B C D E\n1 _ _ _ O _\n2 _ O _ O _\n3 X X X X X\n4 _ _ _ O _\n5 _ _ _ _ _\n]> but was:<..._ _ _ _\n5 _ _ _ _ _\n[]>"},{"success":"1","methodName":"test15"},{"success":"0","methodName":"test19","failureMessage":"expected:<O_WIN> but was:<X_WIN>"},{"success":"1","methodName":"test14"},{"success":"1","methodName":"test11"},{"success":"0","methodName":"test13","failureMessage":"expected:<O_WIN> but was:<GAMING>"}],"className":"GameTest2"},{"testCases":[{"success":"1","methodName":"test2"},{"success":"1","methodName":"test10"},{"success":"1","methodName":"test5"},{"success":"1","methodName":"test6"},{"success":"1","methodName":"test1"},{"success":"1","methodName":"test7"},{"success":"0","methodName":"test8","failureMessage":"expected:<O_WIN> but was:<GAMING>"},{"success":"1","methodName":"test9"},{"success":"0","methodName":"test4","failureMessage":"expected:<O_WIN> but was:<GAMING>"},{"success":"1","methodName":"test3"}],"className":"GameTest"}],"proName":"TicTacToe_II"}