{"totalNum":10,"failureNum":2,"successNum":8,"classes":[{"testCases":[{"success":"1","methodName":"testTimes"},{"success":"1","methodName":"testTimes2"},{"success":"1","methodName":"testPlusFromConsole"},{"success":"1","methodName":"testPlus"},{"success":"1","methodName":"testTimesFromConsole"},{"success":"1","methodName":"testTranspose"},{"success":"0","methodName":"testPrint","failureMessage":"expected:<[\r\n1 1 1\r\n1 1 1\r\n1 1 1\r\n\r]\n> but was:<[\n1 1 1\n1 1 1\n1 1 1\n\n]\n>"}],"className":"MyMatrixTest"},{"testCases":[{"success":"1","methodName":"testTranspose2"},{"success":"1","methodName":"testPlusFromConsole2"},{"success":"0","methodName":"testTimes3","failureMessage":"2"}],"className":"MyMatrixTest2"}],"proName":"CalculateMatrix"}