{"totalNum":10,"failureNum":2,"successNum":8,"classes":[{"testCases":[{"success":"1","methodName":"test2"},{"success":"1","methodName":"test10"},{"success":"1","methodName":"test6"},{"success":"0","methodName":"test8","failureMessage":"expected:<O_WIN> but was:<GAMING>"},{"success":"0","methodName":"test4","failureMessage":"expected:<X_WIN> but was:<GAMING>"}],"className":"GameTest2"},{"testCases":[{"success":"1","methodName":"test5"},{"success":"1","methodName":"test1"},{"success":"1","methodName":"test7"},{"success":"1","methodName":"test9"},{"success":"1","methodName":"test3"}],"className":"GameTest"}],"proName":"TicTacToe_I"}